<openpnp-parts>
   <part fiducial-vision-id="FVS174d307d8c369810" id="FIDUCIAL-1X2-FIDUCIAL1X2" height-units="Millimeters" height="0.0" through-board-depth-units="Millimeters" through-board-depth="0.0" package-id="FIDUCIAL-1X2" speed="1.0" pick-retry-count="0"/>
   <part fiducial-vision-id="FVS174d307d8c369810" id="FIDUCIAL-HOME" height-units="Millimeters" height="0.0" through-board-depth-units="Millimeters" through-board-depth="0.0" package-id="FIDUCIAL-1X2" speed="1.0" pick-retry-count="0"/>
   <part bottom-vision-id="BVS17e94103b2fe2908" fiducial-vision-id="FVS174d307d8c369810" id="Fiducial_1mm_2mm-1mm" height-units="Millimeters" height="0.0" through-board-depth-units="Millimeters" through-board-depth="0.0" package-id="Fiducial_1mm_2mm" speed="1.0" pick-retry-count="0"/>
   <part bottom-vision-id="BVS17e94103b2fe2908" fiducial-vision-id="FVS174d307d8c369810" id="FIDUCIAL-1X2-FIDUCIAL-1X2" height-units="Millimeters" height="0.0" through-board-depth-units="Millimeters" through-board-depth="0.0" package-id="FIDUCIAL-1X2" speed="1.0" pick-retry-count="0"/>
   <part id="FIDUCIAL-1X2.5-FIDUCIAL-1X2.5" height-units="Millimeters" height="0.0" through-board-depth-units="Millimeters" through-board-depth="0.0" package-id="FIDUCIAL-1X2.5" speed="1.0" pick-retry-count="0"/>
   <part id="FIDUCIAL1x1" height-units="Millimeters" height="0.0" through-board-depth-units="Millimeters" through-board-depth="0.0" package-id="FIDUCIAL-1x1" speed="1.0" pick-retry-count="0"/>
   <part id="C0402-100nF" name="test for claude 1234" height-units="Millimeters" height="0.3" through-board-depth-units="Millimeters" through-board-depth="0.0" package-id="C0402" speed="1.0" pick-retry-count="0"/>
   <part id="CONN-SMD_7P-P1.00_HC_HCZZ0032-7-JST-7-H" height-units="Millimeters" height="3.0" through-board-depth-units="Millimeters" through-board-depth="0.0" package-id="CONN-SMD_7P-P1.00_HC_HCZZ0032-7" speed="1.0" pick-retry-count="0"/>
   <part id="CONN-SMD_AFC10-S03QCA-00-JST-3-H" height-units="Millimeters" height="3.0" through-board-depth-units="Millimeters" through-board-depth="0.0" package-id="CONN-SMD_AFC10-S03QCA-00" speed="1.0" pick-retry-count="0"/>
   <part id="CONN-SMD_AFC10-S05PCC-00-JST-5-V" height-units="Millimeters" height="4.2" through-board-depth-units="Millimeters" through-board-depth="0.0" package-id="CONN-SMD_AFC10-S05PCC-00" speed="1.0" pick-retry-count="0"/>
   <part id="CONN-SMD_AFC10-S06PCA-00-JST-6-V" height-units="Millimeters" height="4.2" through-board-depth-units="Millimeters" through-board-depth="0.0" package-id="CONN-SMD_AFC10-S06PCA-00" speed="1.0" pick-retry-count="0"/>
   <part id="CONN-SMD_AFC10-S07PCC-00-JST-7-V" height-units="Millimeters" height="4.2" through-board-depth-units="Millimeters" through-board-depth="0.0" package-id="CONN-SMD_AFC10-S07PCC-00" speed="1.0" pick-retry-count="0"/>
   <part id="CONN-SMD_HOTPLUGPAKAGE__C9900010116-Choc" height-units="Millimeters" height="1.8" through-board-depth-units="Millimeters" through-board-depth="0.0" package-id="CONN-SMD_HOTPLUGPAKAGE__C9900010116" speed="1.0" pick-retry-count="0"/>
   <part id="FPC-SMD_10P-P0.50_HCTL_HC-FPC-05-10-10RLTAG-0.5P-10" height-units="Millimeters" height="0.8" through-board-depth-units="Millimeters" through-board-depth="0.0" package-id="FPC-SMD_10P-P0.50_HCTL_HC-FPC-05-10-10RLTAG" speed="1.0" pick-retry-count="0"/>
   <part id="FPC-SMD_21P-P0.30_HDGC_0.3K-QX-21PWB-0.3P-21" height-units="Millimeters" height="0.8" through-board-depth-units="Millimeters" through-board-depth="0.0" package-id="FPC-SMD_21P-P0.30_HDGC_0.3K-QX-21PWB" speed="1.0" pick-retry-count="0"/>
   <part id="FPC-SMD_6P-P0.50_HCTL_HC-FPC-05-10-6RLTAG-0.3P-6" height-units="Millimeters" height="0.8" through-board-depth-units="Millimeters" through-board-depth="0.0" package-id="FPC-SMD_6P-P0.50_HCTL_HC-FPC-05-10-6RLTAG" speed="1.0" pick-retry-count="0"/>
   <part id="FPC-SMD_6P-P0.50_HDGC_0.5K-A-6PBF-0.5K-A-6PBF" height-units="Millimeters" height="4.4" through-board-depth-units="Millimeters" through-board-depth="0.0" package-id="FPC-SMD_6P-P0.50_HDGC_0.5K-A-6PBF" speed="1.0" pick-retry-count="0"/>
   <part id="FPC-SMD_FPC05012-09200-FPC05012-09200" height-units="Millimeters" height="1.8" through-board-depth-units="Millimeters" through-board-depth="0.0" package-id="FPC-SMD_FPC05012-09200" speed="1.0" pick-retry-count="0"/>
   <part id="R0402-100Ω" height-units="Millimeters" height="0.3" through-board-depth-units="Millimeters" through-board-depth="0.0" package-id="R0402" speed="1.0" pick-retry-count="0"/>
   <part id="SMD_KEYBOARD-SW-MX" height-units="Millimeters" height="1.8" through-board-depth-units="Millimeters" through-board-depth="0.0" package-id="SMD_KEYBOARD-SW" speed="1.0" pick-retry-count="0"/>
   <part id="SOD-323_L1.6-W1.3-LS2.6-RD-1N4007WS_C2898417" name="" height-units="Millimeters" height="0.7" through-board-depth-units="Millimeters" through-board-depth="0.0" package-id="SOD-323_L1.6-W1.3-LS2.6-RD" speed="1.0" pick-retry-count="0"/>
   <part id="C0603-22uF" height-units="Millimeters" height="0.5" through-board-depth-units="Millimeters" through-board-depth="0.0" package-id="C0603" speed="1.0" pick-retry-count="0"/>
   <part id="CONN-SMD_P2.00_S2B-PH-SM4-TB-LF-SN-S2B-PH-SM4-TB(LF)(SN)" height-units="Millimeters" height="5.3" through-board-depth-units="Millimeters" through-board-depth="0.0" package-id="CONN-SMD_P2.00_S2B-PH-SM4-TB-LF-SN" speed="1.0" pick-retry-count="0"/>
   <part id="DHVQFN-16_L3.5-W2.5-P0.50-BL-EP-74HC595BQ,115" height-units="Millimeters" height="0.9" through-board-depth-units="Millimeters" through-board-depth="0.0" package-id="DHVQFN-16_L3.5-W2.5-P0.50-BL-EP" speed="1.0" pick-retry-count="0"/>
   <part id="IND-SMD_L2.5-W2.0_FTC252010S-2.2uH" height-units="Millimeters" height="0.8" through-board-depth-units="Millimeters" through-board-depth="0.0" package-id="IND-SMD_L2.5-W2.0_FTC252010S" speed="1.0" pick-retry-count="0"/>
   <part id="LED0402-RD_ORANGE-TZ-P2-0402 0TIA1-0.45T" height-units="Millimeters" height="0.3" through-board-depth-units="Millimeters" through-board-depth="0.0" package-id="LED0402-RD_ORANGE" speed="1.0" pick-retry-count="0"/>
   <part id="QFN-16_L3.0-W3.0-P0.50-TL-EP1.7-BQ24075RGTR" height-units="Millimeters" height="1.0" through-board-depth-units="Millimeters" through-board-depth="0.0" package-id="QFN-16_L3.0-W3.0-P0.50-TL-EP1.7" speed="1.0" pick-retry-count="0"/>
   <part id="SOD-323_L1.8-W1.3-LS2.5-FD-SD05_C502527" height-units="Millimeters" height="0.8" through-board-depth-units="Millimeters" through-board-depth="0.0" package-id="SOD-323_L1.8-W1.3-LS2.5-FD" speed="1.0" pick-retry-count="0"/>
   <part id="SOT-23-3_L2.9-W1.3-P1.90-LS2.4-BR-1-DMG3415U" height-units="Millimeters" height="1.0" through-board-depth-units="Millimeters" through-board-depth="0.0" package-id="SOT-23-3_L2.9-W1.3-P1.90-LS2.4-BR-1" speed="1.0" pick-retry-count="0"/>
   <part id="SOT-23-3_L2.9-W1.6-P1.90-LS2.8-BR-DMP2045U" height-units="Millimeters" height="1.0" through-board-depth-units="Millimeters" through-board-depth="0.0" package-id="SOT-23-3_L2.9-W1.6-P1.90-LS2.8-BR" speed="1.0" pick-retry-count="0"/>
   <part id="SOT-23-5_L2.9-W1.6-P0.95-LS2.8-BL-SY8089A1AAC" height-units="Millimeters" height="1.0" through-board-depth-units="Millimeters" through-board-depth="0.0" package-id="SOT-23-5_L2.9-W1.6-P0.95-LS2.8-BL" speed="1.0" pick-retry-count="0"/>
   <part id="SOT-23-6_L2.9-W1.6-P0.95-LS2.8-BR-FS8205" height-units="Millimeters" height="1.0" through-board-depth-units="Millimeters" through-board-depth="0.0" package-id="SOT-23-6_L2.9-W1.6-P0.95-LS2.8-BR" speed="1.0" pick-retry-count="0"/>
   <part id="SW-SMD_2P-TS24CA-TS24CA" height-units="Millimeters" height="1.6" through-board-depth-units="Millimeters" through-board-depth="0.0" package-id="SW-SMD_2P-TS24CA" speed="1.0" pick-retry-count="0"/>
   <part id="SW-SMD_MK-12C02-G020-MK-12C02-G020" height-units="Millimeters" height="1.3" through-board-depth-units="Millimeters" through-board-depth="0.0" package-id="SW-SMD_MK-12C02-G020" speed="1.0" pick-retry-count="0"/>
   <part id="USB-C  QMK SOLUTION-USB-TYPE-C-018" height-units="Millimeters" height="3.2" through-board-depth-units="Millimeters" through-board-depth="0.0" package-id="USB-C  QMK SOLUTION" speed="1.0" pick-retry-count="0"/>
   <part id="L0603-BLM18PG121SN1D_C14709" height-units="Millimeters" height="0.5" through-board-depth-units="Millimeters" through-board-depth="0.0" package-id="L0603" speed="1.0" pick-retry-count="0"/>
   <part id="SOT-23-5_L2.9-W1.6-P0.95-LS2.8-BR-TLV70019DDCR" height-units="Millimeters" height="1.0" through-board-depth-units="Millimeters" through-board-depth="0.0" package-id="SOT-23-5_L2.9-W1.6-P0.95-LS2.8-BR" speed="1.0" pick-retry-count="0"/>
</openpnp-parts>
